item_id,clothing_type,material,production_method,lifespan_years,co2_emissions_kg,water_usage_liters,price_usd,washes_before_disposal,recycled_content_pct,co2_per_year,water_per_year,env_impact_score,cost_per_year,sustainability_category,material_sustainable,outlier_flag
1,Jeans,Polyester,Conventional,2.8,35.42,5240,52.31,45,12.3,12.650000000000002,1871.4285714285716,0.7983019622013448,18.68214285714286,High Impact,FALSE,FALSE
2,T-Shirt,Organic Cotton,Sustainable,5.2,6.84,1620,28.47,68,34.5,1.3153846153846154,311.53846153846155,0.10941601431221036,5.475,Low Impact,TRUE,FALSE
3,Jacket,Wool,Conventional,4.1,48.22,4180,89.23,52,8.9,11.760975609756098,1019.5121951219513,0.5795285770675196,21.763414634146343,Medium Impact,FALSE,FALSE
4,Sweater,Recycled Cotton,Sustainable,6.3,15.28,2340,45.67,71,45.2,2.425396825396825,371.42857142857144,0.15590838193820916,7.24920634920635,Low Impact,TRUE,FALSE
5,Dress,Cotton,Conventional,2.5,18.92,3560,38.95,41,5.6,7.5680000000000005,1424,0.5463277489433458,15.580000000000002,Medium Impact,FALSE,FALSE
6,Shoes,Polyester,Sustainable,4.8,19.65,2010,67.82,63,28.7,4.09375,418.75,0.21614610707794055,14.129166666666666,Low Impact,FALSE,FALSE
7,T-Shirt,Cotton,Conventional,2.1,9.24,2180,18.42,38,3.2,4.4,1038.095238095238,0.3650942776427304,8.771428571428572,Medium Impact,FALSE,FALSE
8,Pants,Linen,Sustainable,5.7,18.36,3420,58.92,64,41.8,3.221052631578947,600,0.23115328891178738,10.336842105263157,Low Impact,TRUE,FALSE
9,Coat,Wool,Conventional,3.8,52.18,4720,125.4,48,6.8,13.731578947368421,1242.1052631578948,0.6883209888923083,33,High Impact,FALSE,FALSE
10,Shirt,Organic Cotton,Sustainable,4.9,7.62,1890,32.15,59,38.9,1.5551020408163265,385.71428571428567,0.13328531070795047,6.561224489795918,Low Impact,TRUE,FALSE
11,Jeans,Cotton,Conventional,2.9,38.45,6120,48.75,47,7.8,13.258620689655174,2110.344827586207,0.8703276137701468,16.810344827586206,High Impact,FALSE,TRUE
12,Skirt,Polyester,Sustainable,4.2,10.84,1980,29.83,55,32.1,2.5809523809523807,471.4285714285714,0.18310922774821334,7.102380952380952,Low Impact,FALSE,FALSE
13,Sweater,Wool,Conventional,3.3,26.84,2890,52.18,44,11.5,8.133333333333333,875.7575757575758,0.4393222017162625,15.812121212121212,Medium Impact,FALSE,FALSE
14,Dress,Silk,Sustainable,5.8,16.92,2650,78.35,62,42.1,2.917241379310345,456.89655172413796,0.18981602096921452,13.508620689655173,Low Impact,FALSE,FALSE
15,T-Shirt,Recycled Cotton,Sustainable,5.5,5.92,1540,25.6,73,52.3,1.0763636363636364,280,0.09519519483647991,4.654545454545455,Low Impact,TRUE,FALSE
16,Jacket,Polyester,Conventional,3.2,46.38,4560,82.4,46,6.7,14.49375,1425,0.7522572638131528,25.75,High Impact,FALSE,FALSE
17,Pants,Cotton,Conventional,2.7,25.68,5280,44.2,42,9.1,9.511111111111111,1955.5555555555554,0.7240693291675486,16.37037037037037,High Impact,FALSE,FALSE
18,Shoes,Hemp,Sustainable,6.1,17.28,1780,72.95,68,46.8,2.832786885245902,291.8032786885246,0.1500284873896181,11.959016393442624,Low Impact,TRUE,FALSE
19,Coat,Polyester,Conventional,3.5,58.92,5340,118.6,49,4.3,16.834285714285716,1525.7142857142858,0.844516129032258,33.885714285714286,High Impact,FALSE,TRUE
20,Shirt,Linen,Sustainable,5.3,8.46,1720,35.8,61,35.6,1.59622641509434,324.52830188679246,0.12069056777317337,6.754716981132075,Low Impact,TRUE,FALSE
21,Jeans,Organic Cotton,Sustainable,6.8,28.74,3890,62.45,78,48.9,4.226470588235294,572.0588235294118,0.2547062011848955,9.183823529411764,Low Impact,TRUE,FALSE
22,T-Shirt,Cotton,Conventional,2.3,10.18,2420,19.85,39,2.8,4.42608695652174,1052.1739130434783,0.36904814953406284,8.630434782608697,Medium Impact,FALSE,FALSE
23,Sweater,Recycled Cotton,Sustainable,5.9,14.52,2180,47.92,69,43.7,2.461016949152542,369.4915254237288,0.15652894807463816,8.122033898305084,Low Impact,TRUE,FALSE
24,Dress,Polyester,Conventional,2.6,20.36,3840,36.5,43,8.2,7.8307692307692305,1476.923076923077,0.5660827062476099,14.038461538461538,Medium Impact,FALSE,FALSE
25,Jacket,Cotton,Conventional,3.4,44.82,4920,85.75,47,7.9,13.182352941176472,1447.0588235294117,0.7182881042831691,25.22058823529412,High Impact,FALSE,FALSE
26,Skirt,Organic Cotton,Sustainable,4.6,9.28,1650,31.4,58,36.4,2.017391304347826,358.69565217391306,0.1409149163674519,6.826086956521739,Low Impact,TRUE,FALSE
27,Pants,Polyester,Conventional,2.8,28.92,5680,46.3,44,5.9,10.32857142857143,2028.5714285714287,0.7648364102227186,16.535714285714285,High Impact,FALSE,FALSE
28,Shoes,Recycled Cotton,Sustainable,5.4,18.92,1950,69.2,65,42.1,3.503703703703704,361.1111111111111,0.18560573801140562,12.814814814814815,Low Impact,TRUE,FALSE
29,T-Shirt,Hemp,Sustainable,6.2,5.36,1380,27.95,75,49.6,0.864516129032258,222.5806451612903,0.07593738983987176,4.508064516129032,Low Impact,TRUE,FALSE
30,Coat,Wool,Conventional,3.7,55.64,5120,132.8,50,3.8,15.037837837837838,1383.7837837837837,0.7591104868747598,35.891891891891895,High Impact,FALSE,FALSE
31,Jeans,Polyester,Conventional,2.9,36.28,5480,51.6,46,10.2,12.510344827586207,1889.6551724137933,0.7982697075350373,17.793103448275865,High Impact,FALSE,FALSE
32,Shirt,Cotton,Conventional,2.4,11.52,2340,22.45,40,4.5,4.8,975,0.36272748176860914,9.354166666666666,Medium Impact,FALSE,FALSE
33,Sweater,Wool,Sustainable,5.6,18.92,2520,56.4,66,39.8,3.378571428571429,450.00000000000006,0.20196083262159736,10.071428571428571,Low Impact,FALSE,FALSE
34,Dress,Linen,Sustainable,5.1,14.68,2480,55.7,60,37.2,2.8784313725490196,486.2745098039216,0.19529704617760207,10.921568627450982,Low Impact,TRUE,FALSE
35,Jacket,Recycled Cotton,Sustainable,6.5,32.84,3120,92.3,72,50.1,5.052307692307693,480,0.2584471521295646,14.2,Low Impact,TRUE,FALSE
36,T-Shirt,Cotton,Conventional,2.2,9.86,2280,18.9,38,3.6,4.4818181818181815,1036.3636363636363,0.36713337633612253,8.59090909090909,Medium Impact,FALSE,FALSE
37,Pants,Organic Cotton,Sustainable,6.1,19.42,3650,61.85,67,44.3,3.1836065573770496,598.360655737705,0.22967091769603615,10.139344262295083,Low Impact,TRUE,FALSE
38,Shoes,Polyester,Conventional,3.6,24.18,2420,64.5,48,8.6,6.716666666666667,672.2222222222222,0.35128577842016506,17.916666666666668,Medium Impact,FALSE,FALSE
39,Skirt,Cotton,Conventional,2.5,12.64,2180,27.3,42,6.8,5.056,872,0.34707294746293493,10.92,Medium Impact,FALSE,FALSE
40,Coat,Polyester,Conventional,3.6,57.46,5260,121.4,49,6.8,15.96111111111111,1461.111111111111,0.8039939034034362,33.72222222222222,High Impact,FALSE,FALSE
41,Jeans,Recycled Cotton,Sustainable,6.4,29.82,4120,65.9,76,47.5,4.659375,643.75,0.2837523507818146,10.296875,Low Impact,TRUE,FALSE
42,Shirt,Organic Cotton,Sustainable,5.1,7.84,1840,33.6,60,38.1,1.5372549019607844,360.7843137254902,0.12712587914959253,6.588235294117648,Low Impact,TRUE,FALSE
43,Sweater,Cotton,Conventional,3.1,24.36,3120,49.8,45,9.8,7.858064516129032,1006.4516129032257,0.46065791955511376,16.064516129032256,Medium Impact,FALSE,FALSE
44,T-Shirt,Polyester,Sustainable,4.7,7.92,1780,24.35,63,31.9,1.6851063829787234,378.7234042553191,0.1355680212248755,5.180851063829787,Low Impact,FALSE,FALSE
45,Dress,Cotton,Conventional,2.6,19.48,3680,37.85,42,7.3,7.492307692307692,1415.3846153846152,0.5421341803412626,14.557692307692308,Medium Impact,FALSE,FALSE
46,Jacket,Wool,Conventional,3.9,49.56,4340,87.95,51,6.5,12.707692307692309,1112.820512820513,0.6287169042769858,22.55128205128205,High Impact,FALSE,FALSE
47,Pants,Linen,Sustainable,5.8,17.84,3280,59.4,65,42.6,3.075862068965517,565.5172413793103,0.2190545125571371,10.241379310344827,Low Impact,TRUE,FALSE
48,Shoes,Hemp,Sustainable,6.3,16.92,1720,74.8,69,48.2,2.685714285714286,273.015873015873,0.14141792406689588,11.873015873015873,Low Impact,TRUE,FALSE
49,Skirt,Polyester,Sustainable,4.4,10.28,1920,30.65,56,33.4,2.336363636363636,436.3636363636363,0.16792673797962543,6.96590909090909,Low Impact,FALSE,FALSE
50,Coat,Wool,Conventional,3.8,54.28,4880,128.7,50,4.1,14.28421052631579,1284.2105263157896,0.714242499685914,33.868421052631575,High Impact,FALSE,FALSE
51,Jeans,Cotton,Conventional,2.8,37.92,5920,49.4,46,8.7,13.542857142857144,2114.285714285714,0.8796596807042901,17.642857142857142,High Impact,FALSE,FALSE
52,T-Shirt,Organic Cotton,Sustainable,5.4,6.48,1580,27.8,70,35.8,1.2,292.59259259259255,0.10171084296306028,5.148148148148148,Low Impact,TRUE,FALSE
53,Shirt,Cotton,Conventional,2.3,11.28,2280,21.95,39,4.9,4.904347826086957,991.304347826087,0.3695083737285158,9.543478260869566,Medium Impact,FALSE,FALSE
54,Sweater,Recycled Cotton,Sustainable,6.1,15.64,2260,48.75,70,44.9,2.5639344262295083,370.49180327868856,0.15981159908854714,7.991803278688525,Low Impact,TRUE,FALSE
55,Dress,Silk,Sustainable,5.9,15.84,2580,80.2,63,29.6,2.6847457627118643,437.2881355932203,0.17848289439545495,13.59322033898305,Low Impact,FALSE,FALSE
56,Jacket,Polyester,Conventional,3.3,45.72,4680,83.6,47,7.2,13.854545454545455,1418.1818181818182,0.7317324748702451,25.333333333333332,High Impact,FALSE,FALSE
57,Pants,Cotton,Conventional,2.7,26.84,5440,45.1,43,8.4,9.94074074074074,2014.8148148148148,0.7502110063987295,16.703703703703702,High Impact,FALSE,FALSE
58,Shoes,Recycled Cotton,Sustainable,5.6,18.36,1890,70.45,66,40.7,3.2785714285714285,337.5,0.17358747782668682,12.580357142857144,Low Impact,TRUE,FALSE
59,Skirt,Organic Cotton,Sustainable,4.7,8.92,1690,32.2,59,37.6,1.8978723404255318,359.5744680851064,0.1375634912758176,6.851063829787234,Low Impact,TRUE,FALSE
60,T-Shirt,Hemp,Sustainable,6.4,5.12,1340,28.5,76,51.2,0.7999999999999999,209.375,0.07103925771412303,4.453125,Low Impact,TRUE,FALSE
61,Coat,Polyester,Conventional,3.6,56.82,5180,119.9,49,5.6,15.783333333333333,1438.888888888889,0.793695752943667,33.30555555555556,High Impact,FALSE,FALSE
62,Jeans,Organic Cotton,Sustainable,6.7,27.96,3780,63.7,77,49.8,4.173134328358209,564.1791044776119,0.25134275407013285,9.507462686567164,Low Impact,TRUE,FALSE
63,Sweater,Wool,Sustainable,5.7,17.84,2440,57.6,67,40.5,3.1298245614035087,428.0701754385965,0.18962083394325552,10.105263157894736,Low Impact,FALSE,FALSE
64,Shirt,Linen,Sustainable,5.2,8.28,1760,34.95,61,36.8,1.5923076923076922,338.46153846153845,0.1237203913621363,6.721153846153847,Low Impact,TRUE,FALSE
65,Dress,Cotton,Conventional,2.5,18.64,3520,38.4,41,6.1,7.456,1408,0.5393883012504653,15.36,Medium Impact,FALSE,FALSE
66,Jacket,Recycled Cotton,Sustainable,6.6,31.92,3040,93.8,73,51.3,4.836363636363637,460.6060606060606,0.24765405848777505,14.212121212121213,Low Impact,TRUE,FALSE
67,T-Shirt,Cotton,Conventional,2.2,10.04,2360,19.2,39,3.1,4.563636363636363,1072.7272727272727,0.377774625567149,8.727272727272727,Medium Impact,FALSE,FALSE
68,Pants,Polyester,Conventional,2.8,27.48,5560,45.8,44,6.7,9.814285714285715,1985.7142857142858,0.7398840417843768,16.357142857142858,High Impact,FALSE,FALSE
69,Shoes,Hemp,Sustainable,6.2,17.64,1840,73.6,68,47.1,2.8451612903225807,296.7741935483871,0.15151848782772526,11.870967741935482,Low Impact,TRUE,FALSE
70,Skirt,Cotton,Conventional,2.5,12.28,2120,28.1,42,7.5,4.912,848,0.3373766068808445,11.24,Medium Impact,FALSE,FALSE
71,Coat,Wool,Conventional,3.7,53.92,4960,130.2,50,3.5,14.572972972972973,1340.5405405405404,0.7355387974532577,35.189189189189186,High Impact,FALSE,FALSE
72,Jeans,Polyester,Conventional,2.9,35.84,5360,52.8,46,11.8,12.358620689655174,1848.2758620689656,0.7844195896927038,18.20689655172414,High Impact,FALSE,FALSE
73,Shirt,Organic Cotton,Sustainable,5,7.96,1920,32.8,60,37.4,1.592,384,0.13399413091562096,6.56,Low Impact,TRUE,FALSE
74,Sweater,Cotton,Conventional,3.2,25.68,3240,50.95,45,10.6,8.024999999999999,1012.5,0.4669818835818934,15.921875,Medium Impact,FALSE,FALSE
75,T-Shirt,Recycled Cotton,Sustainable,5.6,6.24,1620,26.4,72,53.8,1.1142857142857143,289.2857142857143,0.09841830365941791,4.714285714285714,Low Impact,TRUE,FALSE
76,Dress,Linen,Sustainable,5.2,15.28,2540,56.9,61,38.5,2.9384615384615382,488.46153846153845,0.19757386471794197,10.942307692307692,Low Impact,TRUE,FALSE
77,Jacket,Wool,Conventional,4,48.84,4260,88.4,52,7.8,12.21,1065,0.603136620458577,22.1,High Impact,FALSE,FALSE
78,Pants,Organic Cotton,Sustainable,6.2,18.92,3580,62.3,68,45.7,3.0516129032258066,577.4193548387096,0.22102185506300365,10.048387096774192,Low Impact,TRUE,FALSE
79,Shoes,Polyester,Conventional,3.5,23.64,2380,65.8,48,9.2,6.7542857142857144,680,0.35415938506011435,18.8,Medium Impact,FALSE,FALSE
80,Skirt,Polyester,Sustainable,4.3,10.52,1980,30.15,56,32.8,2.4465116279069767,460.4651162790698,0.17664054506498317,7.011627906976744,Low Impact,FALSE,FALSE
81,T-Shirt,Cotton,Conventional,2.1,9.52,2240,18.75,38,2.9,4.533333333333333,1066.6666666666665,0.3755060625305681,8.928571428571429,Medium Impact,FALSE,FALSE
82,Coat,Polyester,Conventional,3.5,58.28,5420,123.5,49,4.8,16.65142857142857,1548.5714285714287,0.844246326347371,35.285714285714285,High Impact,FALSE,FALSE
83,Jeans,Recycled Cotton,Sustainable,6.5,28.36,3980,64.8,76,48.6,4.363076923076923,612.3076923076923,0.26785203977635486,9.96923076923077,Low Impact,TRUE,FALSE
84,Sweater,Recycled Cotton,Sustainable,6,14.96,2240,48.2,70,44.2,2.4933333333333336,373.3333333333333,0.15835629138105978,8.033333333333333,Low Impact,TRUE,FALSE
85,Shirt,Cotton,Conventional,2.4,11.64,2420,22.8,40,5.2,4.8500000000000005,1008.3333333333334,0.37173942798326876,9.5,Medium Impact,FALSE,FALSE
86,Dress,Cotton,Conventional,2.6,19.12,3640,38.2,42,6.8,7.353846153846154,1400,0.534547748640121,14.692307692307693,Medium Impact,FALSE,FALSE
87,Jacket,Polyester,Conventional,3.3,46.92,4740,84.9,47,6.9,14.218181818181819,1436.3636363636365,0.7466385157666939,25.72727272727273,High Impact,FALSE,FALSE
88,T-Shirt,Organic Cotton,Sustainable,5.3,6.72,1640,28.15,69,34.9,1.2679245283018867,309.433962264151,0.10753117899426437,5.311320754716981,Low Impact,TRUE,FALSE
89,Pants,Linen,Sustainable,5.9,18.64,3380,60.2,66,43.8,3.159322033898305,572.8813559322034,0.2231962457458232,10.203389830508474,Low Impact,TRUE,FALSE
90,Shoes,Hemp,Sustainable,6.1,17.28,1760,74.2,68,46.5,2.832786885245902,288.5245901639344,0.14928813836793645,12.16393442622951,Low Impact,TRUE,FALSE
91,Skirt,Organic Cotton,Sustainable,4.5,9.12,1720,31.85,58,37.2,2.0266666666666664,382.22222222222223,0.1465028578936995,7.077777777777778,Low Impact,TRUE,FALSE
92,Coat,Wool,Conventional,3.8,54.96,5040,131.6,50,3.9,14.463157894736844,1326.3157894736842,0.7290651074173838,34.63157894736842,High Impact,FALSE,FALSE
93,Jeans,Cotton,Conventional,2.8,38.12,6040,49.85,47,9.4,13.614285714285714,2157.1428571428573,0.8914586207651709,17.80357142857143,High Impact,FALSE,FALSE
94,T-Shirt,Hemp,Sustainable,6.3,5.48,1420,28.9,75,50.4,0.86984126984127,225.3968253968254,0.07673146505680505,4.587301587301587,Low Impact,TRUE,FALSE
95,Shirt,Linen,Sustainable,5.3,8.52,1820,35.4,62,36.2,1.6075471698113206,343.39622641509436,0.12528730787777065,6.679245283018868,Low Impact,TRUE,FALSE
96,Sweater,Wool,Sustainable,5.8,18.36,2480,58.1,67,41.2,3.1655172413793102,427.58620689655174,0.19057166935880326,10.017241379310345,Low Impact,FALSE,FALSE
97,Dress,Silk,Sustainable,5.7,16.28,2620,79.6,62,28.9,2.856140350877193,459.64912280701753,0.18862278992051223,13.964912280701753,Low Impact,FALSE,FALSE
98,Jacket,Recycled Cotton,Sustainable,6.4,33.28,3180,91.5,72,49.6,5.2,496.875,0.2666442880450255,14.296875,Low Impact,TRUE,FALSE
99,Pants,Cotton,Conventional,2.7,26.12,5320,44.65,43,8.9,9.674074074074074,1970.3703703703702,0.7322548201355988,16.537037037037035,High Impact,FALSE,FALSE
100,Shoes,Recycled Cotton,Sustainable,5.5,19.08,2020,71.3,66,41.5,3.469090909090909,367.27272727272725,0.1859690260465505,12.963636363636363,Low Impact,TRUE,FALSE
101,T-Shirt,Cotton,Conventional,2.2,9.68,2320,19.4,39,3.4,4.3999999999999995,1054.5454545454545,0.368808842647618,8.818181818181817,Medium Impact,FALSE,FALSE
102,Skirt,Cotton,Conventional,2.5,12.92,2240,27.8,42,7.1,5.168,896,0.35581884676871867,11.120000000000001,Medium Impact,FALSE,FALSE
103,Coat,Polyester,Conventional,3.6,57.84,5280,122.8,49,5.2,16.066666666666666,1466.6666666666667,0.8083835198446591,34.11111111111111,High Impact,FALSE,FALSE
104,Jeans,Organic Cotton,Sustainable,6.8,28.48,3840,64.2,78,50.2,4.188235294117647,564.7058823529412,0.25191022207450753,9.441176470588236,Low Impact,TRUE,FALSE
105,Sweater,Cotton,Conventional,3.1,24.84,3180,50.4,45,10.1,8.01290322580645,1025.8064516129032,0.46962727640717083,16.258064516129032,Medium Impact,FALSE,FALSE
106,Shirt,Organic Cotton,Sustainable,5.1,8.04,1880,33.25,60,38.6,1.576470588235294,368.62745098039215,0.13006166660869722,6.519607843137256,Low Impact,TRUE,FALSE
107,T-Shirt,Recycled Cotton,Sustainable,5.5,6.08,1580,25.95,72,52.7,1.1054545454545455,287.27272727272725,0.09770146109939815,4.718181818181818,Low Impact,TRUE,FALSE
108,Dress,Cotton,Conventional,2.6,19.84,3720,39.1,42,7.6,7.63076923076923,1430.7692307692307,0.5497206120424043,15.038461538461538,Medium Impact,FALSE,FALSE
109,Jacket,Wool,Conventional,3.9,49.28,4380,87.2,51,7.1,12.635897435897437,1123.076923076923,0.6289004675838655,22.35897435897436,High Impact,FALSE,FALSE
110,Pants,Polyester,Conventional,2.8,28.36,5720,46.95,44,6.3,10.12857142857143,2042.857142857143,0.7621219586974137,16.767857142857146,High Impact,FALSE,FALSE
111,Shoes,Hemp,Sustainable,6.2,16.84,1780,73.95,69,47.8,2.7161290322580642,287.09677419354836,0.14550083960120178,11.92741935483871,Low Impact,TRUE,FALSE
112,Skirt,Polyester,Sustainable,4.4,10.64,2010,30.9,57,33.1,2.418181818181818,456.81818181818176,0.174975611844083,7.022727272727272,Low Impact,FALSE,FALSE
113,T-Shirt,Organic Cotton,Sustainable,5.4,6.92,1680,28.65,70,35.2,1.2814814814814814,311.1111111111111,0.10831254902056206,5.305555555555555,Low Impact,TRUE,FALSE
114,Coat,Wool,Conventional,3.7,55.12,5080,129.4,50,4.2,14.897297297297296,1372.972972972973,0.7524951007113807,34.972972972972975,High Impact,FALSE,FALSE
115,Jeans,Polyester,Conventional,2.9,36.64,5520,52.15,46,11.2,12.63448275862069,1903.448275862069,0.8050713359567505,17.982758620689655,High Impact,FALSE,FALSE
116,Shirt,Cotton,Conventional,2.3,11.16,2260,22.3,39,4.6,4.852173913043479,982.608695652174,0.3659952068509468,9.695652173913045,Medium Impact,FALSE,FALSE
117,Sweater,Recycled Cotton,Sustainable,6.1,15.36,2220,48.95,71,45.6,2.518032786885246,363.93442622950823,0.15696756314884203,8.024590163934427,Low Impact,TRUE,FALSE
118,Dress,Linen,Sustainable,5.1,14.92,2510,55.3,60,36.8,2.9254901960784316,492.15686274509807,0.19802302718165865,10.843137254901961,Low Impact,TRUE,FALSE
119,Jacket,Polyester,Conventional,3.2,45.36,4620,82.95,47,6.8,14.174999999999999,1443.75,0.7470238486301819,25.921875,High Impact,FALSE,FALSE
120,T-Shirt,Hemp,Sustainable,6.3,5.24,1360,28.2,75,50.9,0.8317460317460318,215.87301587301587,0.07344944971250733,4.476190476190476,Low Impact,TRUE,FALSE
121,Pants,Organic Cotton,Sustainable,6.1,19.28,3620,61.4,67,43.9,3.1606557377049183,593.4426229508197,0.22787872521534275,10.065573770491804,Low Impact,TRUE,FALSE
122,Shoes,Polyester,Conventional,3.6,24.52,2460,66.2,48,8.9,6.811111111111111,683.3333333333334,0.35659986081607525,18.38888888888889,Medium Impact,FALSE,FALSE
123,Skirt,Organic Cotton,Sustainable,4.6,9.48,1740,32.6,59,37.9,2.0608695652173914,378.26086956521743,0.14662422911138218,7.086956521739132,Low Impact,TRUE,FALSE
124,Coat,Polyester,Conventional,3.5,58.64,5360,120.7,49,4.6,16.754285714285714,1531.4285714285713,0.8434303484221359,34.48571428571429,High Impact,FALSE,TRUE
125,Jeans,Recycled Cotton,Sustainable,6.6,29.24,4080,66.4,77,48.1,4.430303030303031,618.1818181818182,0.27117515739485387,10.060606060606062,Low Impact,TRUE,FALSE
126,T-Shirt,Cotton,Conventional,2.1,9.96,2300,19.1,38,3.2,4.742857142857143,1095.2380952380952,0.38818080283818407,9.095238095238095,Medium Impact,FALSE,FALSE
127,Shirt,Linen,Sustainable,5.2,8.16,1740,34.6,61,35.9,1.5692307692307692,334.6153846153846,0.12216649062782693,6.653846153846154,Low Impact,TRUE,FALSE
128,Sweater,Wool,Sustainable,5.7,18.64,2560,57.85,67,40.8,3.270175438596491,449.12280701754383,0.19854325606627654,10.149122807017545,Low Impact,FALSE,FALSE
129,Dress,Cotton,Conventional,2.5,18.28,3480,37.95,41,5.9,7.312,1392,0.531498412281278,15.180000000000001,Medium Impact,FALSE,FALSE
130,Jacket,Recycled Cotton,Sustainable,6.5,32.56,3080,92.9,72,50.7,5.009230769230769,473.84615384615387,0.255778133786149,14.292307692307693,Low Impact,TRUE,FALSE
131,Pants,Linen,Sustainable,5.8,18.28,3340,59.8,65,42.1,3.151724137931035,575.8620689655172,0.22364364266851527,10.310344827586206,Low Impact,TRUE,FALSE
132,Shoes,Hemp,Sustainable,6.3,17.52,1820,75.1,69,48.9,2.780952380952381,288.8888888888889,0.14783084773229965,11.920634920634921,Low Impact,TRUE,FALSE
133,T-Shirt,Organic Cotton,Sustainable,5.3,6.56,1600,27.5,69,34.6,1.2377358490566037,301.8867924528302,0.10493033664595298,5.188679245283019,Low Impact,TRUE,FALSE
134,Skirt,Cotton,Conventional,2.5,12.48,2160,27.65,42,7.3,4.992,864,0.34336561329741805,11.059999999999999,Medium Impact,FALSE,FALSE
135,Coat,Wool,Conventional,3.8,54.64,4920,130.9,50,3.7,14.378947368421054,1294.7368421052631,0.719433216113011,34.44736842105264,High Impact,FALSE,FALSE
136,Jeans,Cotton,Conventional,2.8,37.56,5880,48.95,46,9.1,13.414285714285716,2100,0.8726151369818015,17.482142857142858,High Impact,FALSE,FALSE
137,Sweater,Cotton,Conventional,3.2,25.24,3200,51.2,45,10.4,7.887499999999999,1000,0.46007537557760103,16,Medium Impact,FALSE,FALSE
138,Shirt,Organic Cotton,Sustainable,5,7.72,1860,32.95,60,37.8,1.544,372,0.12985879158180585,6.590000000000001,Low Impact,TRUE,FALSE
139,T-Shirt,Recycled Cotton,Sustainable,5.6,6.36,1660,26.85,73,54.2,1.135714285714286,296.42857142857144,0.100667663097037,4.794642857142858,Low Impact,TRUE,FALSE
140,Dress,Silk,Sustainable,5.8,16.64,2690,81.4,63,30.2,2.8689655172413797,463.7931034482759,0.18993945146866814,14.03448275862069,Low Impact,FALSE,FALSE
141,Jacket,Wool,Conventional,4,48.56,4300,88.8,52,7.5,12.14,1075,0.6033155946827847,22.2,High Impact,FALSE,FALSE
142,Pants,Cotton,Conventional,2.7,25.92,5380,44.85,43,8.6,9.6,1992.5925925925924,0.7350726457355456,16.61111111111111,High Impact,FALSE,FALSE
143,Shoes,Recycled Cotton,Sustainable,5.5,18.72,1970,70.85,66,40.3,3.4036363636363633,358.1818181818182,0.18197215569398736,12.881818181818181,Low Impact,TRUE,FALSE
144,Skirt,Polyester,Sustainable,4.3,10.36,1960,30.45,56,32.5,2.4093023255813955,455.81395348837214,0.17448511822456633,7.0813953488372094,Low Impact,FALSE,FALSE
145,T-Shirt,Cotton,Conventional,2.2,9.84,2280,19.65,39,3.5,4.472727272727273,1036.3636363636363,0.366863364609899,8.93181818181818,Medium Impact,FALSE,FALSE
146,Coat,Polyester,Conventional,3.6,57.28,5220,121.9,49,5.4,15.911111111111111,1450,0.79999987833573,33.861111111111114,High Impact,FALSE,FALSE
147,Jeans,Organic Cotton,Sustainable,6.7,28.12,3820,63.3,77,49.3,4.197014925373135,570.1492537313433,0.2534001368232747,9.44776119402985,Low Impact,TRUE,FALSE
148,Shirt,Cotton,Conventional,2.4,11.48,2380,23.1,40,5.1,4.783333333333334,991.6666666666667,0.36599590113074776,9.625000000000002,Medium Impact,FALSE,FALSE
149,Sweater,Recycled Cotton,Sustainable,6,15.12,2280,49.4,70,44.6,2.52,380,0.1606537021220682,8.233333333333333,Low Impact,TRUE,FALSE
150,T-Shirt,Hemp,Sustainable,6.4,5.64,1460,29.2,76,51.8,0.8812499999999999,228.125,0.07768635848498784,4.5625,Low Impact,TRUE,FALSE
151,Dress,Cotton,Conventional,2.6,19.56,3680,38.65,42,7.1,7.523076923076922,1415.3846153846152,0.5430480661838654,14.865384615384615,Medium Impact,FALSE,FALSE
152,Jacket,Polyester,Conventional,3.3,46.28,4680,83.2,47,7.4,14.024242424242425,1418.1818181818182,0.7367726937597512,25.212121212121215,High Impact,FALSE,FALSE
153,Pants,Polyester,Conventional,2.8,27.84,5640,46.5,44,6.1,9.942857142857143,2014.2857142857144,0.7501543919584784,16.607142857142858,High Impact,FALSE,FALSE
154,Shoes,Hemp,Sustainable,6.1,17.16,1740,73.3,68,46.9,2.8131147540983608,285.24590163934425,0.14796350167639402,12.01639344262295,Low Impact,TRUE,FALSE
155,Skirt,Organic Cotton,Sustainable,4.7,9.28,1680,31.95,58,37.1,1.9744680851063827,357.4468085106383,0.13935804443375868,6.797872340425531,Low Impact,TRUE,FALSE
156,Coat,Wool,Conventional,3.7,54.36,4980,129.8,50,4,14.69189189189189,1345.9459459459458,0.7402914181509542,35.08108108108108,High Impact,FALSE,FALSE
157,Jeans,Polyester,Conventional,2.9,36.08,5440,51.85,46,10.6,12.441379310344827,1875.8620689655172,0.7931067709690256,17.879310344827587,High Impact,FALSE,FALSE
158,T-Shirt,Organic Cotton,Sustainable,5.4,6.84,1720,28.9,70,35.5,1.2666666666666666,318.5185185185185,0.10954517029347854,5.351851851851851,Low Impact,TRUE,FALSE
159,Shirt,Linen,Sustainable,5.3,8.64,1880,36.1,62,36.7,1.630188679245283,354.7169811320755,0.128516089365115,6.811320754716982,Low Impact,TRUE,FALSE
160,Sweater,Wool,Sustainable,5.8,18.12,2500,58.4,67,41.5,3.124137931034483,431.0344827586207,0.19012129340362338,10.068965517241379,Low Impact,FALSE,FALSE
161,Dress,Linen,Sustainable,5.2,15.48,2580,57.2,61,38.9,2.976923076923077,496.15384615384613,0.20045319472591006,11,Low Impact,TRUE,FALSE
162,Jacket,Recycled Cotton,Sustainable,6.4,32.28,3040,91.2,72,49.2,5.04375,475,0.25706394537152616,14.25,Low Impact,TRUE,FALSE
163,T-Shirt,Cotton,Conventional,2.1,9.36,2200,18.55,38,2.8,4.457142857142856,1047.6190476190475,0.36894203184197266,8.833333333333334,Medium Impact,FALSE,FALSE
164,Pants,Organic Cotton,Sustainable,6.2,19.64,3680,62.8,68,46.2,3.167741935483871,593.5483870967741,0.22811307665626082,10.129032258064516,Low Impact,TRUE,FALSE
165,Shoes,Polyester,Conventional,3.5,23.92,2340,64.9,48,8.4,6.8342857142857145,668.5714285714286,0.35395484308959113,18.542857142857144,Medium Impact,FALSE,FALSE
166,Skirt,Cotton,Conventional,2.5,12.76,2200,28.4,42,6.9,5.104,880,0.35030506099029846,11.36,Medium Impact,FALSE,FALSE
167,Coat,Polyester,Conventional,3.5,56.52,5140,118.3,49,4.4,16.14857142857143,1468.5714285714287,0.8112463044478024,33.8,High Impact,FALSE,FALSE
168,Jeans,Recycled Cotton,Sustainable,6.5,29.68,4140,65.6,76,47.9,4.5661538461538465,636.9230769230769,0.27944199899261984,10.092307692307692,Low Impact,TRUE,FALSE
169,T-Shirt,Recycled Cotton,Sustainable,5.5,5.96,1540,25.7,72,52.1,1.0836363636363637,280,0.09541120421745874,4.672727272727273,Low Impact,TRUE,FALSE
170,Sweater,Cotton,Conventional,3.1,24.52,3140,49.95,45,9.9,7.909677419354838,1012.9032258064516,0.4636477051724661,16.112903225806452,Medium Impact,FALSE,FALSE
171,Shirt,Organic Cotton,Sustainable,5.1,8.16,1940,33.75,60,38.9,1.6,380.39215686274514,0.13341706697789818,6.61764705882353,Low Impact,TRUE,FALSE
172,Dress,Cotton,Conventional,2.6,19.28,3720,39.5,42,7.9,7.415384615384616,1430.7692307692307,0.5433234111441851,15.192307692307692,Medium Impact,FALSE,FALSE
173,Jacket,Wool,Conventional,3.9,49.84,4420,89.6,51,7.6,12.77948717948718,1133.3333333333333,0.6354812317889644,22.974358974358974,High Impact,FALSE,FALSE
174,Pants,Linen,Sustainable,5.9,18.92,3440,60.95,66,43.2,3.2067796610169492,583.0508474576271,0.22690213528217223,10.330508474576272,Low Impact,TRUE,FALSE
175,Shoes,Hemp,Sustainable,6.2,17.04,1800,74.5,69,48.3,2.7483870967741932,290.3225806451613,0.14718735363493984,12.016129032258064,Low Impact,TRUE,FALSE
176,T-Shirt,Hemp,Sustainable,6.3,5.28,1380,28.4,75,50.1,0.8380952380952381,219.04761904761907,0.0743548752089584,4.507936507936508,Low Impact,TRUE,FALSE
177,Skirt,Polyester,Sustainable,4.4,10.92,2040,31.2,57,33.8,2.4818181818181815,463.6363636363636,0.17840528337046302,7.09090909090909,Low Impact,FALSE,FALSE
178,Coat,Wool,Conventional,3.8,55.28,5120,132.3,50,3.8,14.547368421052633,1347.3684210526317,0.7363200887047789,34.81578947368421,High Impact,FALSE,FALSE
179,Jeans,Cotton,Conventional,2.8,38.28,6080,50.2,47,9.8,13.671428571428573,2171.4285714285716,0.8963816437816174,17.92857142857143,High Impact,FALSE,TRUE
180,T-Shirt,Organic Cotton,Sustainable,5.3,6.64,1620,27.95,69,34.2,1.2528301886792452,305.66037735849056,0.10623075782010868,5.273584905660377,Low Impact,TRUE,FALSE
181,Shirt,Cotton,Conventional,2.3,10.92,2220,21.8,39,4.3,4.747826086956522,965.2173913043479,0.3589688730958087,9.478260869565219,Medium Impact,FALSE,FALSE
182,Sweater,Recycled Cotton,Sustainable,6.1,15.84,2340,49.8,71,46.1,2.59672131147541,383.6065573770492,0.16374680795837504,8.163934426229508,Low Impact,TRUE,FALSE
183,Dress,Silk,Sustainable,5.9,15.96,2560,79.9,62,29.3,2.705084745762712,433.89830508474574,0.17832154282831814,13.542372881355933,Low Impact,FALSE,FALSE
184,Jacket,Polyester,Conventional,3.2,45.84,4560,82.4,47,6.5,14.325000000000001,1425,0.7472451711451285,25.75,High Impact,FALSE,FALSE
185,T-Shirt,Cotton,Conventional,2.2,10.28,2400,20.1,39,3.7,4.672727272727272,1090.9090909090908,0.38512033812933877,9.136363636363637,Medium Impact,FALSE,FALSE
186,Pants,Cotton,Conventional,2.7,26.48,5480,45.4,43,9.2,9.807407407407407,2029.6296296296296,0.7495961151787531,16.814814814814813,High Impact,FALSE,FALSE
187,Shoes,Recycled Cotton,Sustainable,5.6,19.28,2080,72.1,66,42.1,3.442857142857143,371.42857142857144,0.18612826577316427,12.875,Low Impact,TRUE,FALSE
188,Skirt,Organic Cotton,Sustainable,4.6,9.64,1780,32.95,59,38.4,2.095652173913044,386.95652173913044,0.1496208518170453,7.163043478260871,Low Impact,TRUE,FALSE
189,Coat,Polyester,Conventional,3.6,58.16,5400,124.2,49,5.8,16.155555555555555,1500,0.818550516221497,34.5,High Impact,FALSE,FALSE
190,Jeans,Organic Cotton,Sustainable,6.8,27.84,3760,62.9,78,48.7,4.094117647058823,552.9411764705883,0.24645826006639432,9.25,Low Impact,TRUE,FALSE
191,T-Shirt,Recycled Cotton,Sustainable,5.6,6.48,1700,27.2,73,53.6,1.1571428571428573,303.5714285714286,0.10291702253465607,4.857142857142858,Low Impact,TRUE,FALSE
192,Sweater,Wool,Sustainable,5.7,17.96,2420,57.2,67,40.1,3.150877192982456,424.5614035087719,0.18945382091762264,10.035087719298247,Low Impact,FALSE,FALSE
193,Shirt,Linen,Sustainable,5.2,8.04,1680,34.25,61,35.4,1.546153846153846,323.07692307692304,0.1188756171888029,6.586538461538462,Low Impact,TRUE,FALSE
194,Dress,Cotton,Conventional,2.5,18.84,3560,38.9,41,6.5,7.536,1424,0.545377307667039,15.559999999999999,Medium Impact,FALSE,FALSE
195,Jacket,Recycled Cotton,Sustainable,6.6,33.64,3240,94.2,73,51.8,5.096969696969698,490.90909090909093,0.26223701438536207,14.272727272727273,Low Impact,TRUE,FALSE
196,Pants,Polyester,Conventional,2.8,28.64,5800,47.2,44,6.9,10.22857142857143,2071.4285714285716,0.7715437005890984,16.857142857142858,High Impact,FALSE,FALSE
197,Shoes,Hemp,Sustainable,6.3,17.88,1860,75.8,69,49.5,2.8380952380952382,295.23809523809524,0.15096175605340573,12.031746031746032,Low Impact,TRUE,FALSE
198,T-Shirt,Hemp,Sustainable,6.4,5.72,1500,29.6,76,52.4,0.8937499999999999,234.375,0.07946891493112584,4.625,Low Impact,TRUE,FALSE
199,Skirt,Cotton,Conventional,2.5,12.36,2140,27.45,42,7.2,4.944,856,0.34013349977005447,10.98,Medium Impact,FALSE,FALSE
200,Coat,Wool,Conventional,3.7,53.64,4920,128.9,50,3.4,14.497297297297298,1329.7297297297296,0.7308499814445546,34.83783783783784,High Impact,FALSE,FALSE
201,Jeans,Polyester,Conventional,2.9,35.96,5400,52.45,46,11.5,12.4,1862.0689655172414,0.7887631803308647,18.086206896551726,High Impact,FALSE,FALSE
202,Shirt,Organic Cotton,Sustainable,5,7.88,1900,33.45,60,38.2,1.576,380,0.13261568447101593,6.69,Low Impact,TRUE,FALSE
203,T-Shirt,Organic Cotton,Sustainable,5.4,7.08,1760,29.3,70,36.1,1.3111111111111111,325.9259259259259,0.11253786800400031,5.425925925925926,Low Impact,TRUE,FALSE
204,Sweater,Cotton,Conventional,3.2,25.92,3280,51.85,45,10.9,8.1,1025,0.4720320609683989,16.203125,Medium Impact,FALSE,FALSE
205,Dress,Linen,Sustainable,5.1,14.72,2460,54.8,60,36.2,2.886274509803922,482.3529411764706,0.19464448197429335,10.745098039215687,Low Impact,TRUE,FALSE
206,Jacket,Wool,Conventional,4,49.12,4340,88.1,52,7.3,12.28,1085,0.6097318397827562,22.025,High Impact,FALSE,FALSE
207,Pants,Organic Cotton,Sustainable,6.1,18.76,3540,60.95,67,43.5,3.075409836065574,580.327868852459,0.2223854158925528,9.991803278688526,Low Impact,TRUE,FALSE
208,Shoes,Polyester,Conventional,3.6,24.84,2520,67.4,48,9.6,6.8999999999999995,700,0.3630034163326982,18.722222222222225,Medium Impact,FALSE,FALSE
209,T-Shirt,Cotton,Conventional,2.1,9.48,2180,18.35,38,2.7,4.514285714285714,1038.095238095238,0.36848871077239775,8.738095238095239,Medium Impact,FALSE,FALSE
210,Skirt,Polyester,Sustainable,4.3,10.16,1920,29.85,56,32.2,2.3627906976744186,446.51162790697674,0.17100313774981424,6.94186046511628,Low Impact,FALSE,FALSE
211,Coat,Polyester,Conventional,3.5,57.92,5320,122.5,49,4.9,16.548571428571428,1520,0.8347397236274445,35,High Impact,FALSE,FALSE
212,Jeans,Recycled Cotton,Sustainable,6.6,28.92,4020,64.95,77,47.7,4.381818181818183,609.0909090909091,0.26768230893124134,9.840909090909092,Low Impact,TRUE,FALSE
213,Shirt,Cotton,Conventional,2.4,11.76,2460,23.45,40,5.6,4.9,1025,0.37698793333771324,9.770833333333334,Medium Impact,FALSE,FALSE
214,Sweater,Recycled Cotton,Sustainable,6,14.68,2200,47.85,70,43.8,2.4466666666666668,366.6666666666667,0.1554648548423596,7.9750000000000005,Low Impact,TRUE,FALSE
215,T-Shirt,Recycled Cotton,Sustainable,5.5,6.12,1600,26.15,72,52.9,1.1127272727272728,290.90909090909093,0.09873858484987846,4.754545454545454,Low Impact,TRUE,FALSE
216,Dress,Cotton,Conventional,2.6,19.72,3760,39.8,42,7.5,7.584615384615384,1446.1538461538462,0.5518237286879295,15.307692307692307,Medium Impact,FALSE,FALSE
217,Jacket,Polyester,Conventional,3.3,46.56,4720,84.6,47,7.1,14.109090909090911,1430.3030303030305,0.7420298511028425,25.636363636363637,High Impact,FALSE,FALSE
218,Pants,Linen,Sustainable,5.8,17.52,3240,58.6,65,41.6,3.0206896551724136,558.6206896551724,0.2158585348282432,10.10344827586207,Low Impact,TRUE,FALSE
219,Shoes,Hemp,Sustainable,6.1,16.72,1720,72.85,68,46.2,2.740983606557377,281.9672131147541,0.14508076453188953,11.942622950819672,Low Impact,TRUE,FALSE
220,T-Shirt,Hemp,Sustainable,6.3,5.16,1320,27.8,75,49.8,0.8190476190476191,209.52380952380952,0.07163859871960522,4.412698412698413,Low Impact,TRUE,FALSE
221,Skirt,Organic Cotton,Sustainable,4.5,9.04,1660,31.25,58,36.7,2.0088888888888885,368.8888888888889,0.14296408227424584,6.944444444444445,Low Impact,TRUE,FALSE
222,Coat,Wool,Conventional,3.8,55.84,5200,133.6,50,4.3,14.694736842105264,1368.421052631579,0.7454509409322532,35.1578947368421,High Impact,FALSE,FALSE
223,Jeans,Cotton,Conventional,2.8,37.28,5840,48.6,46,8.5,13.314285714285715,2085.714285714286,0.8664192015417296,17.357142857142858,High Impact,FALSE,FALSE
224,T-Shirt,Organic Cotton,Sustainable,5.3,6.36,1560,27.2,69,33.9,1.2000000000000002,294.33962264150944,0.10210533361926732,5.132075471698113,Low Impact,TRUE,FALSE
225,Shirt,Linen,Sustainable,5.3,8.88,1940,36.85,62,37.3,1.6754716981132078,366.0377358490566,0.1324173528875821,6.952830188679246,Low Impact,TRUE,FALSE
226,Sweater,Wool,Sustainable,5.8,18.84,2620,59.25,67,42.1,3.2482758620689656,451.7241379310345,0.19848020769852903,10.215517241379311,Low Impact,FALSE,FALSE
227,Dress,Silk,Sustainable,5.7,16.08,2600,78.7,62,28.5,2.821052631578947,456.140350877193,0.1867883360592533,13.807017543859649,Low Impact,FALSE,FALSE
228,Jacket,Recycled Cotton,Sustainable,6.4,31.64,2960,90.4,72,48.8,4.94375,462.5,0.25127123573790594,14.125,Low Impact,TRUE,FALSE
229,T-Shirt,Cotton,Conventional,2.2,10.12,2340,19.95,39,3.6,4.6,1063.6363636363635,0.3768018865482895,9.068181818181817,Medium Impact,FALSE,FALSE
230,Pants,Cotton,Conventional,2.7,25.64,5240,44.3,43,8.2,9.496296296296295,1940.7407407407406,0.7202840292935118,16.407407407407405,High Impact,FALSE,FALSE
231,Shoes,Recycled Cotton,Sustainable,5.5,18.48,1910,69.95,66,39.8,3.36,347.27272727272725,0.17821275629960998,12.718181818181819,Low Impact,TRUE,FALSE
232,Skirt,Cotton,Conventional,2.5,12.84,2260,28.65,42,7.6,5.136,904,0.356674857105315,11.459999999999999,Medium Impact,FALSE,FALSE
233,Coat,Polyester,Conventional,3.6,58.48,5480,125.8,49,5.9,16.244444444444444,1522.2222222222222,0.8262085520248583,34.94444444444444,High Impact,FALSE,TRUE
234,Jeans,Organic Cotton,Sustainable,6.7,28.64,3900,64.75,77,50.6,4.2746268656716415,582.0895522388059,0.2584015079977551,9.664179104477611,Low Impact,TRUE,FALSE
235,Sweater,Cotton,Conventional,3.1,24.16,3080,49.4,45,9.6,7.793548387096774,993.5483870967741,0.4558280756707802,15.93548387096774,Medium Impact,FALSE,FALSE
236,Shirt,Organic Cotton,Sustainable,5.1,8.28,1980,34.1,60,39.3,1.6235294117647059,388.2352941176471,0.13588695185057797,6.686274509803923,Low Impact,TRUE,FALSE
237,T-Shirt,Recycled Cotton,Sustainable,5.6,6.72,1740,27.65,73,54.8,1.2,310.7142857142857,0.10580283818408777,4.9375,Low Impact,TRUE,FALSE
238,Dress,Cotton,Conventional,2.6,18.96,3600,38.15,42,6.3,7.292307692307692,1384.6153846153845,0.5292460315454862,14.673076923076922,Medium Impact,FALSE,FALSE
239,Jacket,Wool,Conventional,3.9,48.92,4360,87.65,51,6.9,12.543589743589743,1117.948717948718,0.6250008282529143,22.474358974358978,High Impact,FALSE,FALSE
240,Pants,Polyester,Conventional,2.8,27.16,5520,45.95,44,5.8,9.700000000000001,1971.4285714285716,0.7332638022030966,16.41071428571429,High Impact,FALSE,FALSE
241,Shoes,Hemp,Sustainable,6.2,17.36,1820,74.95,69,48.6,2.8,293.5483870967742,0.1494487313438635,12.088709677419354,Low Impact,TRUE,FALSE
242,T-Shirt,Hemp,Sustainable,6.4,5.92,1540,29.85,76,52.7,0.9249999999999999,240.625,0.08180837056259992,4.6640625,Low Impact,TRUE,FALSE
243,Skirt,Polyester,Sustainable,4.4,10.48,1980,30.7,57,33.5,2.381818181818182,449.99999999999994,0.1723559754963736,6.977272727272727,Low Impact,FALSE,FALSE
244,Coat,Wool,Conventional,3.7,54.08,4960,129.1,50,3.6,14.616216216216214,1340.5405405405404,0.7368231775563749,34.89189189189189,High Impact,FALSE,FALSE
245,Jeans,Polyester,Conventional,2.9,36.92,5600,53.25,46,12.1,12.731034482758622,1931.0344827586207,0.8141681901969979,18.362068965517242,High Impact,FALSE,FALSE
246,T-Shirt,Organic Cotton,Sustainable,5.4,6.96,1700,28.75,70,35.7,1.2888888888888888,314.8148148148148,0.10936887876642162,5.3240740740740735,Low Impact,TRUE,FALSE
247,Shirt,Cotton,Conventional,2.3,11.04,2200,21.6,39,4.2,4.8,956.5217391304349,0.35855497124967506,9.391304347826088,Medium Impact,FALSE,FALSE
248,Sweater,Recycled Cotton,Sustainable,6.1,15.48,2300,49.2,71,45.3,2.5377049180327873,377.0491803278689,0.16051324690542942,8.065573770491804,Low Impact,TRUE,FALSE
249,Dress,Linen,Sustainable,5.2,15.12,2520,56.4,61,38.1,2.9076923076923076,484.6153846153846,0.1957914925229819,10.846153846153845,Low Impact,TRUE,FALSE
250,Jacket,Polyester,Conventional,3.2,45.12,4520,81.75,47,6.2,14.099999999999998,1412.5,0.7377398002759344,25.546875,High Impact,FALSE,FALSE
251,T-Shirt,Cotton,Conventional,2.1,9.64,2260,19.25,38,3.1,4.59047619047619,1076.1904761904761,0.3793538167298104,9.166666666666666,Medium Impact,FALSE,FALSE
252,Pants,Organic Cotton,Sustainable,6.2,19.84,3740,63.5,68,46.8,3.1999999999999997,603.2258064516129,0.2312564065068563,10.241935483870968,Low Impact,TRUE,FALSE
253,Shoes,Polyester,Conventional,3.5,23.28,2280,63.95,48,8.1,6.651428571428572,651.4285714285714,0.3446527823401879,18.271428571428572,Medium Impact,FALSE,FALSE
254,Skirt,Organic Cotton,Sustainable,4.6,9.36,1700,31.7,59,37.5,2.0347826086956524,369.5652173913044,0.143885878491672,6.891304347826087,Low Impact,TRUE,FALSE
255,Coat,Polyester,Conventional,3.5,56.96,5200,119.6,49,4.7,16.274285714285714,1485.7142857142858,0.818851148632372,34.17142857142857,High Impact,FALSE,FALSE
256,Jeans,Recycled Cotton,Sustainable,6.5,29.48,4100,65.25,76,48.4,4.535384615384616,630.7692307692307,0.2771385349862454,10.038461538461538,Low Impact,TRUE,FALSE
257,T-Shirt,Recycled Cotton,Sustainable,5.5,6.24,1620,26.5,72,53.2,1.1345454545454545,294.54545454545456,0.10020772736231642,4.818181818181818,Low Impact,TRUE,FALSE
258,Shirt,Linen,Sustainable,5.2,8.28,1720,34.8,61,36.1,1.5923076923076922,330.7692307692308,0.12198341865742168,6.692307692307692,Low Impact,TRUE,FALSE
259,Sweater,Wool,Sustainable,5.7,17.68,2380,56.85,67,39.6,3.101754385964912,417.5438596491228,0.18641020350846454,9.973684210526315,Low Impact,FALSE,FALSE
260,Dress,Cotton,Conventional,2.5,18.52,3440,37.5,41,5.7,7.4079999999999995,1376,0.5307368328843921,15,Medium Impact,FALSE,FALSE
261,Jacket,Recycled Cotton,Sustainable,6.5,32.92,3120,93.5,72,50.9,5.064615384615385,480,0.25881270646660565,14.384615384615385,Low Impact,TRUE,FALSE
262,Pants,Linen,Sustainable,5.9,18.48,3380,60.4,66,43.5,3.1322033898305084,572.8813559322034,0.2223907870370886,10.23728813559322,Low Impact,TRUE,FALSE
263,Shoes,Hemp,Sustainable,6.3,17.64,1880,76.2,69,49.8,2.8000000000000003,298.41269841269843,0.15054712422165284,12.095238095238097,Low Impact,TRUE,FALSE
264,T-Shirt,Organic Cotton,Sustainable,5.3,6.48,1580,27.35,69,34.1,1.2226415094339624,298.1132075471698,0.10362991547179728,5.160377358490567,Low Impact,TRUE,FALSE
265,Skirt,Cotton,Conventional,2.5,12.52,2180,27.95,42,7.4,5.008,872,0.3456472855484747,11.18,Medium Impact,FALSE,FALSE
266,Coat,Wool,Conventional,3.8,54.72,5040,131.2,50,3.9,14.4,1326.3157894736842,0.7271892364773045,34.526315789473685,High Impact,FALSE,FALSE
267,Jeans,Cotton,Conventional,2.8,38.64,6200,50.85,47,10.2,13.8,2214.285714285714,0.909877800407332,18.16071428571429,High Impact,FALSE,TRUE
268,Sweater,Cotton,Conventional,3.2,25.48,3220,51.6,45,10.7,7.9624999999999995,1006.25,0.46371426264152593,16.125,Medium Impact,FALSE,FALSE
269,Shirt,Organic Cotton,Sustainable,5,7.64,1820,32.6,60,37.6,1.528,364,0.12757711933074917,6.5200000000000005,Low Impact,TRUE,FALSE
270,T-Shirt,Hemp,Sustainable,6.3,5.04,1300,27.65,75,49.3,0.8,206.34920634920636,0.07035601398652447,4.388888888888888,Low Impact,TRUE,FALSE
271,Dress,Silk,Sustainable,5.8,16.52,2720,82.9,63,31.1,2.8482758620689657,468.9655172413793,0.1904929064276744,14.293103448275863,Low Impact,FALSE,FALSE
272,Jacket,Wool,Conventional,4,49.68,4480,90.2,52,8.1,12.42,1120,0.6217932461730504,22.55,High Impact,FALSE,FALSE
273,T-Shirt,Cotton,Conventional,2.2,9.72,2300,19.5,39,3.3,4.418181818181818,1045.4545454545453,0.3672960801763114,8.863636363636363,Medium Impact,FALSE,FALSE
274,Pants,Cotton,Conventional,2.7,26.24,5400,45.75,43,9.5,9.718518518518517,1999.9999999999998,0.740265438993074,16.944444444444443,High Impact,FALSE,FALSE
275,Shoes,Recycled Cotton,Sustainable,5.6,19.52,2120,72.8,66,42.6,3.4857142857142858,378.5714285714286,0.18901408142259596,13,Low Impact,TRUE,FALSE
276,Skirt,Polyester,Sustainable,4.3,10.24,1940,30.2,56,32.7,2.3813953488372093,451.16279069767444,0.17260598245284337,7.023255813953488,Low Impact,FALSE,FALSE
277,Coat,Polyester,Conventional,3.6,57.64,5340,123.9,49,5.5,16.01111111111111,1483.3333333333333,0.8104968890446191,34.416666666666664,High Impact,FALSE,FALSE
278,Jeans,Organic Cotton,Sustainable,6.8,27.52,3680,62.15,78,48.2,4.047058823529412,541.1764705882354,0.242404005817556,9.139705882352942,Low Impact,TRUE,FALSE
279,T-Shirt,Recycled Cotton,Sustainable,5.6,6.56,1720,27.95,73,54.5,1.1714285714285715,307.14285714285717,0.10414777828876773,4.991071428571429,Low Impact,TRUE,FALSE
280,Shirt,Cotton,Conventional,2.4,11.92,2520,24.2,40,5.9,4.966666666666667,1050,0.3846131806203418,10.083333333333334,Medium Impact,FALSE,FALSE
281,Sweater,Recycled Cotton,Sustainable,6,15.28,2260,48.6,70,44.9,2.5466666666666664,376.6666666666667,0.16069304834694756,8.1,Low Impact,TRUE,FALSE
282,Dress,Cotton,Conventional,2.6,19.36,3680,38.75,42,7.2,7.4461538461538455,1415.3846153846152,0.5407633515773584,14.903846153846153,Medium Impact,FALSE,FALSE
283,Jacket,Polyester,Conventional,3.3,46.04,4640,83.95,47,6.8,13.951515151515151,1406.0606060606062,0.7318755520516246,25.43939393939394,High Impact,FALSE,FALSE
284,Pants,Polyester,Conventional,2.8,28.08,5680,46.75,44,6.5,10.028571428571428,2028.5714285714287,0.7559260232573419,16.696428571428573,High Impact,FALSE,FALSE
285,Shoes,Hemp,Sustainable,6.1,16.96,1760,73.65,68,47.5,2.7803278688524595,288.5245901639344,0.1477300379149744,12.07377049180328,Low Impact,TRUE,FALSE
286,T-Shirt,Organic Cotton,Sustainable,5.4,7.16,1780,29.5,70,36.4,1.325925925925926,329.6296296296296,0.11381420730456054,5.462962962962963,Low Impact,TRUE,FALSE
287,Skirt,Organic Cotton,Sustainable,4.7,9.72,1820,33.4,59,38.8,2.068085106382979,387.2340425531915,0.14886474034333863,7.106382978723404,Low Impact,TRUE,FALSE
288,Coat,Wool,Conventional,3.7,55.48,5160,131.8,50,4.5,14.994594594594593,1394.5945945945946,0.7602672575998901,35.62162162162162,High Impact,FALSE,FALSE
289,Jeans,Polyester,Conventional,2.9,35.52,5320,51.25,46,10.9,12.248275862068967,1834.4827586206898,0.7780276342349159,17.67241379310345,High Impact,FALSE,FALSE
290,Shirt,Linen,Sustainable,5.3,8.72,1900,36.5,62,37.1,1.6452830188679246,358.49056603773585,0.12981651053927068,6.886792452830189,Low Impact,TRUE,FALSE
291,T-Shirt,Cotton,Conventional,2.1,9.28,2160,18.2,38,2.6,4.4190476190476184,1028.5714285714284,0.36350947886326634,8.666666666666666,Medium Impact,FALSE,FALSE
292,Sweater,Wool,Sustainable,5.8,18.48,2540,58.95,67,41.9,3.1862068965517243,437.93103448275866,0.19352210761448,10.163793103448276,Low Impact,FALSE,FALSE
293,Dress,Linen,Sustainable,5.1,14.56,2420,54.2,60,35.9,2.8549019607843142,474.5098039215687,0.19194164580840112,10.627450980392158,Low Impact,TRUE,FALSE
294,Jacket,Recycled Cotton,Sustainable,6.4,31.28,2920,89.6,72,48.3,4.8875,456.25,0.24818924785931717,13.999999999999998,Low Impact,TRUE,FALSE
295,Pants,Organic Cotton,Sustainable,6.1,18.64,3500,60.2,67,42.8,3.055737704918033,573.7704918032787,0.22032043017932873,9.868852459016395,Low Impact,TRUE,FALSE
296,Shoes,Polyester,Conventional,3.6,24.16,2400,65.5,48,8.8,6.711111111111111,666.6666666666666,0.3498662909674013,18.194444444444443,Medium Impact,FALSE,FALSE
297,T-Shirt,Recycled Cotton,Sustainable,5.5,5.84,1520,25.35,72,51.6,1.0618181818181818,276.3636363636364,0.09394206170502077,4.609090909090909,Low Impact,TRUE,FALSE
298,Skirt,Cotton,Conventional,2.5,12.68,2220,28.25,42,7,5.072,888,0.3511610713268949,11.3,Medium Impact,FALSE,FALSE
299,Coat,Polyester,Conventional,3.5,58.36,5440,124.7,49,5.1,16.674285714285713,1554.2857142857142,0.8462155355539495,35.628571428571426,High Impact,FALSE,FALSE
300,Jeans,Recycled Cotton,Sustainable,6.6,30.16,4280,67.85,77,49.2,4.56969696969697,648.4848484848485,0.28215795694279366,10.28030303030303,Low Impact,TRUE,FALSE
